Fullname,ID
Filip Rolenec,581
Aidan Hohenstein,574
Michael Häcki,151
Nicolai Wermuth,274
Mathias Nestler,
Alexandre Afonso,187
Silvio Soom,264
Mika von Aesch,342
Ian de Cillia,516
Joscha Matzinger,121
Benoit De Mot,613
Marcel Kaufmann,426
Alistair Gadola,239
Nicola Szabo,450
Fabian Signer,98
Arjen Sietzema,447
Manuel Ochsner,589
Flavio Wolf,560
Pasquale Ruzicka,220
Roman Soom,246
Florian Pössl,81
Remo Handl,257
Leon Koch,219
Sandro Meier,230
Noah Mamié,501
Daniel Keller,334
Silvan Oertli,630
Morris Frey,430
Alain Kägi,164
Andreas Keller,463
Luca Zatti,76
Philipp Frommenwiler,303
Luis He,346
Jakob Känel,86
Mario Signer,263
Thomas Hüppi,313
Oliver Iselin,207
Iain Keeling,217
Gabriel Dalvit,311
Fabio Agnusdei,395
Marc Müller,96
Levin Rüssli,408
Till Oertli,628
Astrid Reimer-Kern,16
Yaroslav Zhyvotovskyi,2707
Pascal Schneider,330
Björn Martin,252
Manuel Fischer,634
Urs Altenburger,288
Axel Tappe,117
Cyril Iselin,367
Wojtek Wesolowski,412
Luca Wilhelmi,329
Cédric Baumgartner,627
Miklós Árpád Pollman,594
Kevin Brechbühl,115
Julian Portmann,205
Lorin Heslop,289
Erich Weidmann,89
Thomas Künzler,94
Curtis Malik,609
Marco Fasani,564
Patrick Lorenz,325
Marcin Wesolowski,1033
David Maier,266
Jan Kempf,113
Julien Duvanel,307
Samuel Arnold,555
Thomas Demmel,354
Ralph Zimmermann,570
Fabian Rindlisbacher,518
Christian Meienberg,607
Christian Zürcher,167
Jahn Bucher-Straub,403
Robin Gadola,189
Christian Donelan,439
Dawid Wojcik,385
Armand Hohenstein,478
Louai Hafez,284
Ralph Schmid,149
Raphael Paglia,638
Florian Marty,364
Dietrich Schneider,374
Julian Reusser,192
Mic Hendriksen,352
Ramona Lanz,646
Nils Rösch,190
Simon Weiss,199
Aaron Stadelmann,388
Peter Egsgaard,493
Cornelia Gutbub,12
Yannick Lindemann,176
Fernando Ferreira,2687
Luke Schweizer,381
Serges Schwarz,503
Roger Baumann,210
Adam Poturalski,283
Michael Baumann,92
Sven Inäbnit,139
Jonatan Svensson,621
Luc Scholl,188
Jan Preisig,2692
Fabian Seitz,322
Ian Schäfer,211
Michael Keller,269
Martin Büchel,495
Julia Schmalz,11
Andrew Armstrong,277
Ahmad Assi,580
Andreas Dietzsch,112
René Setschi,209
Marco Blöchlinger,93
Michael Knöpfel,508
Yanick Bregnard,223
Philipp Scambor,524
Robin Nayman,547
Patric Schneider,489
David Bernet,292
Pascal Schmid,562
Michi Schweizer,258
Patrik Märchy,386
André Gattlen,97
Marco Valpiani,122
Fabio Pasquali,619
Mikhail Reutov,465
Puneet Maheshwari,612
Felix Aschmann,159
Christof Papadopoulos,183
Rudy Pelgrims,227
Rene Ferreira,309
Oliver Bühler,400
Raphael Sommer,519
Peter Maier,100
Jürgen Kremer,80
Janick von Allmen,539
Zoran Raljevic,541
Lasse Widmer,298
Nadine Frey,644
Dominic Fässler,358
Sverre Prytz,569
Denis Mujkic,512
Juan Reyneke,393
Noel Holdener,382
André Lüscher,305
Yannic Andrey,275
Christian Ebneter,445
Marcel Minger,251
André Leu,373
Philippe Haussener,202
Jörg Dielmann,506
Tizian Moog,225
Jeremy Suchet,320
Rüedi Daniel,193
Leandro Vogel,399
Caroline Bachem,43
Nick Greter,379
Jasmin Ballmann,645
Jörg Schmid,353
Joel Siewerdt,129
Lukas Leutwyler,351
Ivo Läuppi,197
Stefan Fritsche,238
Milena Velychko,72
Daniel Elsener,78
Dimitri Steinmann,267
Paul Setschi,240
Fabian Venzin,544
Yazan Sabah Elkhair,434
Lorenz Arnet,271
Thorsten Fuchs,143
Jonas Fischer,406
Remo Kaderli,221
Jörg Ganz,285
John Beale,575
Silverio Alvarez,273
Adrian Scherer,641
Oliver Nef,153
Leon Mamie,
Adrian Kern,368
Bruno Scherrer,499
Ambre Allinckx,14
Jochen Schaumann,268
Lukas Brechbühl,156
Simon Rösner,87
Jürg Ender,398
Dominik Brunner,231
Conrad Kim,301
Sven Stahler,178
Pascal Friedli,420
Lucas Gysin,323
Thomas Schmidt,423
Joel Hinds,578
Nico Jaussi,436
Philipp Lang,200
Lubomir Jakubovic,343
Fabian Hänggi,203
Gian Andrey,390
Kevin Gut,552
Marcel Abt,191
Linus Vettiger,208
Till Gehlhaar,297
Robin Lütolf,498
Roman Lehmann,304
Alexander Kühn,215
Thierry Mösner,409
Simon Denzler,548
Tobias Fritsche,384
Lukas Fivian,349
Sean Boyle,185
Valentin Rapp,270
Kevin Kunz,452
Livio Catenazzi,232
Andy Fritschi,103
Céline Walser,648
Daniele Schober,262
Thuyavan Murugendren,432
Luisa Schneider,54
Bill Weibel,244
Stefan Eggenberger,535
Finn Rüssli,455
Michael Singer,282
Nico Heiniger,286
Raphael Ferraro,394
Philemon Zürcher,497
Damian Glaus,502
Nicolas Müller,222
Dany Oeschger,118
Ben Studhalter,456
Erich Aschenberger,127
Roman Huber,155
Campbell Wells,629
Irvan Bruderer,332
Manuel Wanner,180
Maurus Breitenmoser,417
Marcel Rothmund,119
Thomas Breitenmoser,299
Roger Romano,160
Livio Giacu,356
Yannick Esch,571
Caspar Honegger,440
Ewoud Seip,2307
Ilja Stucki,324
Michael Grisiger,177
Christian Schäfer,182
Juerg Niederberger,360
Nikolas Paul,490
Manuela Ebener,5
Philipp Gass,186
Sven Nussbaumer,
Dominic Roth,608
Anton Shlain,441
Stephane de Craecker,410
Stefan Kübli,363
Michael Gehrig,413
Jonas Vasey,214
Michael Maurer,1064
Florian Novak,461
Nick Jensen,265
JD Andrey,2538
Manfred Grab,234
Sergio Carrabs,254
Hendrik Syed,405
Manuel Luder,
Dario Bösch,224
Andreas Liechti,228
Sergio Tocalini,378
Cyrus Morsali,295
Sarina Baumgartner,20
Daniel Hoffmann,91
Jan Kurzmeyer,328
Nick Pile,546
Reto Vollmer,488
Thomas Goldbach,435
Migayel Atay,636
David Knaus,419
Dominik Lussi,104
Timo Klopfer,196
Sven Stettler,236
Raimo Yliranta,530
Joel Keller,2321
Marc Pieren,132
Giorgio Sorio,84
Marcos Alvarez,391
Stefan Hasler,
Thomas Friedrich,652
Mike Brändle,245
Raphael Bühlmann,573
Christophe Kurkdjian,620
Othmar Bernet,166
Luca Rivelli,293
Christian Homberger,540
Stefan Faschauner,1029
Sara Stöckli,36
Stefan Heslop,287
Jan Adriaan Hohenstein,161
Matej Beljo,333
Marco Rohner,278
Yannick Wilhelmi,163
Ignacio Belotto,248
Kevin Bosshard,131
Fabian Mächler,604
Nicolas Diehm,1932
Aaron Renggli,344
Steven Fialeix,554
Rolf Weibel,175
Demian Oberhänsli,296
Marius Lüthi,198
Marco Kramer,347
Thomas Wachter,226
Benjamin Wermuth,375
Stefan Mach,144
Juan Coronel,606
Liam Pössl,300
Mikael Back,366
Pius Schneider,370
Oliver Kunz,468
Philippe Dutoit,631
Sina Wieland,1009
Stefan Gehrig,421
Pascal Frey,242
Florian Stöger,537
Nico Bärlocher,2677
Lucien Favey,376
Michael Graf,568
Andreas Gnehm,102
Cédric Kuchen,179
Stefan Eisenreich,2723
Andrew Dawson,451
Thomas Seebacher,477
Joel Wegmüller,415
Marcel Fässler,348
Tarek Shehata,281
Robin Wallace,310
Paul de Gruchy,357
Patrick Maier,261
Finlay Pile,404
Norina Malbasic,22
Ronnie Schüepp,233
Thomas Koch,615
Philipp Richner,294
Tobias Wallin,341
Michael Tanner,138
Robin Degen,411
Alexander Ugolini,327
Stefan Grundmann,79
David Gloor,142
Younes Hafez,2588
Robin Schaub,2684
Kuba Wesolowski,457
Stefan Härtner,383
Marius Hug,365
Lucas Hänni,130
Eilan Niederhauser,291
Daniel Griesemer,
Viturin Mannhart,2694
Stefan Imhof,2695
Pascal Grolimund,105
Anaud Nayer,321
Marco Garbani,101
Sascha Hoederath,255
Nino Giger,2693
Carlos Kraft,558
Hans Gut,340
Jochen Keiber,369
Costa Amadeo,2698
Jan Gastl,610
David Jacquemond,431
Armand Caduff,174
Daniel Graf,158
Danielle Baumeler,28
Robin Müller,336
Finn Koch,616
Andrej Vidmar,338
Walter Küpfer,
Andrew Doell,576
Markus Dieterle,633
Leandro Mannhart,315
Stefan Achim,377
Andrés Meier,317
Yves Hersche,235
Bernhard Schläpfer,152
Tiberiu Jahn-Gerlicze,494
Samuel Krenger,116
Dario Bianchi,243
Pierre Boesinger,1034
Aqeel Rehman,85
Patrick Marty,444
Stefan Iseli,249
Christoph Hänni,2736
Nicole Betchem,26
Olivier Nerko,481
Barni Szellö,416
Pascal Barmettler,487
Thomas Keel,145
Fabio Landerer,492
Germán Sarmiento,529
Sascha Aschwanden,371
Susanne Bischoff,75
Jörg Mostert,345
Nathalie Zeoli,
Yannick Omlor,355
Markus Känel,114
Marlon Bernegger,2681
Thomas Dewaele,565
Rino Mathis,146
Nicholas Brown,181
Sascha Künzli,339
Timmo Waller,595
Severin Escher,511
Stella Kaufmann,15
David Wardle,566
Reto Hediger,136
Joel Sommer,637
Ivo Fischer,319
Philipp Hansert,635
Moreno Zulian,362
Alexis Detavernier,514
Alois Widmann,213
Marco Eggenberger,194
Laura Bettoni,13
Markus Strösslin,99
Marco Steinmann,549
Sergio Orduna,2703
Nicholas Harre,140
Luca Donisi,137
Michel Hess,397
Elias Müller,2711
Michael Schwarz,316
Denian Mujkic,526
Admiv Mujanovic,654
Christian Scheurer,2308
Roger Greenaway,510
Liam Flükiger,318
Rodion Vladimirov,653
Stephan Hübner,2696
Ramon Mock,449
Jonas Aeschlimann,237
Moritz Müller,496
Heinz Lüscher,2598
Jürg Honegger,2626
Peter Seitel,124
Jan Ahmerkamp,476
Michael Kaufmann,520
Christoph Heiniger,88
Milena Lia Penkov,3
Fabian Wülser,218
Alina Pössl,19
David Hämmerli,542
Philipp Waldner,106
Dario Müller,614
Sébastian Garai,109
Norbert Straub,229
Beat Giger,162
Luc Guebey,429
Victor Alvarez Tindal,1062
Carsten Andersen,314
Karin Grässli,1016
Aron Schmid,2746
Sergio Paganoni,618
Michel Haug,108
Dietmar Lamprecht,126
Paul Beger,466
Michael Pereira,256
Markus Waldner,312
Milan Pincar,513
Johannes Frick,651
Oleksandr Yezerskyi,2309
Kartik Buddha,253
Simon Herbert,1061
Stephanie Caviezel,33
Robert Ulrich,2606
Joel Sticher,588
Patrick Dell'Orca,592
Stefan Riesen,361
Maurice Koll,128
Massimo Denicola,448
Seif Awadallah,605
Carlo Empoli,442
Philipp Stäuble,
Markus Wingeier,
David Frank,2518
Alina Habegger,643
Michael Kriss,280
Christian Grüninger,
Nicolas Schwab,572
Daniel Fürst,337
Fred Bucher,326
Diego De Nicola,335
Chi Tâm Le,306
Lukas Spring,2702
David Heath,150
Remi Kummer,2287
Monika Bettoni,25
Thomas Frei,491
Beat Zimmermann,135
Benedikt Ammann,438
Nadia Pfister,10
Marc André Rauber,2710
Davide Bianchetti,90
Leila Hirt,647
Michael Müller,216
Paulus Göktas,536
Nico Hüppi,458
Grégory Bohren,272
Nick Peter,454
Jürgen Steiner,204
Livia Widmer,
Miguel Mathis,170
Harry Motte,462
Alain Sütterlin,260
Jonathan Müller,433
Andreas Balcon,427
Luca Meier,212
Mauro Schegg,331
Muriel Wegmann,29
Jasper Peyer,402
Markus Roelli,169
Diego Perez Uvalle,359
Pascal Beetschen,545
Nando Wespi,372
Natasha Smith,34
Kevin Stehrenberger,141
Joel Schmid,550
Florian Dübendorfer,172
Mark Robbins,148
Patrick Frei,428
Cederic Grässli,168
Youssef Shaltout,1060
Noah Möri,507
Fredi Seiler,2533
Mario Burger,2526
Daniel Weibel,111
Nero Harms,380
Ivo Wallnöfer,509
Timo Wettach,600
Frederich Steenkamp,480
Peter Lindstrom,350
Oliver Dell'Oca,591
Evelyne Matzinger,23
Martin Meier,154
Sören Werner,134
Dimitrios Koutsoukos,617
Philipp Nuber,396
Arno MüllerPathle,201
Tomasz Dzwonkowski,561
Moritz Brunner,184
Zorana Krnetic,49
Sandra Nef,2676
Diego Niggli,157
Paul Colman,77
Gabriel Fernandez,469
Thomas Jäggi,165
Rolf Graf,632
Maciej Smialek,467
Stephan Germundson,107
Michael Vogel,259
Daniel Molnar,443
Roney Custode,517
Gerhard Schober,110
Hei Yi Mak,599
Ken Wacker,83
Monika Meier,642
Miriam Frei-Steiner,52
Caroline Pechous,30
Michéle Maurer,37
Michèle Häberli,31
Michèle Schwarz-Rellstab,74
Anna Bernhard,640
Reka Gaszmann,65
Sibylle Hellstern,8
Melanie Amrein,2748
Aleksandra Bakowska,61
Patricia Neupert,73
Judith Egli,7
Tabea Zech,38
Elisabeth Lamprecht,24
Janine Allemann,18
Simone Ferrarini,60
Cindy Merlo,9
Tanja Lehmann,
Yaelle Sulser,17
Andrea Koller,2708
Emilija Sungailaite,39
Mila Maziuk,44
Eliane Ebnöther,4
Petra Ognjenovic,50
Julia Vaez-Olivera,68
Celine Peiry,57
Sarah Mascheroni,1014
Sari Von Arx,32
Lili Szellö,2685
Josie Hughes,59
Margot Demont,70
Natascha Morrone,21
Marleina Wirth,42
Annina Babotai,27
Elisa Maria Aschmann,67
Maria Unternährer,64
